timestamp,symbol_profile,trade_type,shares,price,avg_cost_basis,rsi,macd_line,macd_signal,vwap,sma20,sma50,trend_15m,atr,risk_per_share,pnl,pnl_pct,cash_balance,reason,stop_price_triggered,trailing_stop_triggered
20250324 09:43:00 US/Eastern,BAC_aggressive,BUY,25,42.9800,42.9800,29.19,0.0000,0.0000,42.9819,42.9729,0.0000,bullish,0.0893,0.1340,,,925.50,"Buy Init: RSI(29.19)<=OS(35), 15mOK, >VWAP",42.846,
20250324 09:49:00 US/Eastern,SQQQ_aggressive,BUY,25,34.4300,34.4300,34.30,0.0000,0.0000,34.6990,34.6795,0.0000,bearish,0.1178,0.1767,,,64.75,"Buy Init: RSI(34.30)<=OS(35), 15mOK, >VWAP",34.253,
20250324 10:00:00 US/Eastern,BAC_aggressive,SELL,25,43.0500,42.9800,38.37,0.0286,0.0284,43.0077,43.0620,0.0000,bullish,0.0574,0.1340,1.750,0.163,1141.00,TrailingStopHit(43.061),,43.061
20250324 10:01:00 US/Eastern,BAC_aggressive,BUY,25,42.9900,42.9900,33.82,0.0189,0.0265,43.0073,43.0570,0.0000,bullish,0.0604,0.1000,,,66.25,"Buy Init: RSI(33.82)<=OS(35), 15mOK, >VWAP",42.890,
20250324 10:12:00 US/Eastern,SQQQ_aggressive,SELL,25,34.4800,34.4300,48.81,-0.0063,-0.0300,34.5988,34.4430,0.0000,bearish,0.0963,0.1767,1.250,0.145,928.25,TrailingStopHit(34.504),,34.504
20250324 10:12:00 US/Eastern,BAC_aggressive,SELL,25,43.0300,42.9900,42.35,0.0057,0.0092,43.0129,43.0710,0.0000,bullish,0.0562,0.1000,1.000,0.093,2004.00,TrailingStopHit(43.033),,43.033
20250324 10:24:00 US/Eastern,SQQQ_aggressive,BUY,25,34.2600,34.2600,33.49,-0.0566,-0.0440,34.5537,34.4165,0.0000,bearish,0.0779,0.1168,,,1147.50,"Buy Init: RSI(33.49)<=OS(35), 15mOK, >VWAP",34.143,
20250324 10:43:00 US/Eastern,SQQQ_aggressive,SELL,25,34.3000,34.2600,43.17,-0.0123,-0.0179,34.5196,34.3220,0.0000,bearish,0.0721,0.1168,1.000,0.117,2005.00,TrailingStopHit(34.314),,34.314
20250324 10:45:00 US/Eastern,BAC_aggressive,BUY,25,42.9300,42.9300,33.10,-0.0301,-0.0205,43.0241,43.0280,0.0000,bullish,0.0429,0.1000,,,931.75,"Buy Init: RSI(33.10)<=OS(35), 15mOK, >VWAP",42.830,
20250324 10:51:00 US/Eastern,SOXS_aggressive,BUY,25,22.5400,22.5400,32.47,-0.0354,-0.0259,22.8751,22.6760,0.0000,bullish,0.0608,0.1000,,,368.25,"Buy Init: RSI(32.47)<=OS(35), 15mOK, >VWAP",22.440,
20250324 10:57:00 US/Eastern,BAC_aggressive,SELL,25,42.9300,42.9300,39.88,-0.0200,-0.0213,43.0162,42.9685,0.0000,bullish,0.0415,0.1000,0.000,0.000,1441.50,TrailingStopHit(42.950),,42.950
20250324 10:58:00 US/Eastern,BAC_aggressive,BUY,25,42.8900,42.8900,34.97,-0.0245,-0.0219,43.0152,42.9625,0.0000,bullish,0.0421,0.1000,,,369.25,"Buy Init: RSI(34.97)<=OS(35), 15mOK, >VWAP",42.790,
20250324 11:01:00 US/Eastern,SOXS_aggressive,SELL,25,22.5400,22.5400,38.40,-0.0315,-0.0334,22.8530,22.6210,0.0000,bullish,0.0582,0.1000,0.000,0.000,932.75,TrailingStopHit(22.570),,22.570
20250324 11:04:00 US/Eastern,SOXS_aggressive,BUY,25,22.4400,22.4400,31.71,-0.0449,-0.0360,22.8360,22.5925,0.0000,bullish,0.0631,0.1000,,,371.75,"Buy Init: RSI(31.71)<=OS(35), 15mOK, >VWAP",22.340,
20250324 11:22:00 US/Eastern,SOXS_aggressive,SELL,25,22.2900,22.4400,31.61,-0.0816,-0.0798,22.7577,22.3680,0.0000,bullish,0.0508,0.1000,-3.750,-0.668,929.00,TrailingStopHit(22.419),,22.419
20250324 11:23:00 US/Eastern,SOXS_aggressive,BUY,25,22.2600,22.2600,28.75,-0.0799,-0.0798,22.7537,22.3560,0.0000,bullish,0.0514,0.1000,,,372.50,"Buy Init: RSI(28.75)<=OS(35), 15mOK, >VWAP",22.160,
20250324 11:24:00 US/Eastern,BAC_aggressive,SELL,25,42.9400,42.8900,45.92,0.0031,0.0028,43.0034,42.9530,0.0000,bullish,0.0329,0.1000,1.250,0.117,1446.00,TrailingStopHit(42.951),,42.951
20250324 11:27:00 US/Eastern,HYG_aggressive,BUY,18,79.4300,79.4300,31.35,-0.0046,-0.0008,79.4389,79.4645,0.0000,bullish,0.0140,0.1000,,,16.26,"Buy Init: RSI(31.35)<=OS(35), 15mOK, >VWAP",79.330,
20250324 11:31:00 US/Eastern,SOXS_aggressive,SELL,7,22.4400,22.2600,60.57,-0.0232,-0.0507,22.7388,22.3095,0.0000,bullish,0.0539,0.1000,1.260,0.809,173.34,PartialTP 1 (1.5R @22.410),,
20250324 11:33:00 US/Eastern,HYG_aggressive,SELL,18,79.4200,79.4300,36.46,-0.0095,-0.0069,79.4382,79.4515,0.0000,bullish,0.0163,0.1000,-0.180,-0.013,1602.90,TrailingStopHit(79.430),,79.430
20250324 11:33:00 US/Eastern,FXI_aggressive,BUY,25,36.7500,36.7500,34.96,-0.0110,-0.0076,36.8019,36.7815,0.0000,bullish,0.0216,0.1000,,,684.15,"Buy Init: RSI(34.96)<=OS(35), 15mOK, >VWAP",36.650,
20250324 11:33:00 US/Eastern,SOXS_aggressive,SELL,18,22.3700,22.2600,49.63,-0.0159,-0.0386,22.7372,22.3145,0.0000,bullish,0.0547,0.1000,1.980,0.494,1086.81,TrailingStopHit(22.374),,22.374
20250324 11:42:00 US/Eastern,FXI_aggressive,SELL,25,36.7400,36.7500,34.32,-0.0072,-0.0070,36.8013,36.7675,0.0000,bullish,0.0210,0.1000,-0.250,-0.027,2005.31,TrailingStopHit(36.745),,36.745
20250324 11:44:00 US/Eastern,NVDA_aggressive,BUY,12,121.4900,121.4900,34.98,-0.0683,-0.0190,120.7472,121.8725,0.0000,bearish,0.1602,0.2403,,,547.43,"Buy Init: RSI(34.98)<=OS(35), 15mOK, >VWAP",121.250,
20250324 12:03:00 US/Eastern,NVDA_aggressive,SELL,3,121.9000,121.4900,63.62,0.0133,-0.0246,120.8021,121.6030,0.0000,bearish,0.1401,0.2403,1.230,0.337,913.13,PartialTP 1 (1.5R @121.850),,
20250324 12:04:00 US/Eastern,SOXS_aggressive,BUY,25,22.3900,22.3900,31.96,-0.0091,0.0155,22.7121,22.5480,0.0000,bullish,0.0506,0.1000,,,353.38,"Buy Init: RSI(31.96)<=OS(35), 15mOK, >VWAP",22.290,
20250324 12:12:00 US/Eastern,NVDA_aggressive,SELL,3,121.9900,121.4900,63.76,0.0661,0.0492,120.8316,121.8025,0.0000,bearish,0.1140,0.2403,1.500,0.412,719.35,PartialTP 2 (2.0R @121.971),,
20250324 12:14:00 US/Eastern,NVDA_aggressive,SELL,6,122.1500,121.4900,70.90,0.0910,0.0620,120.8482,121.8535,0.0000,bearish,0.1182,0.2403,3.960,0.543,1452.25,RSIOverbought(70.90>=70),,
20250324 12:17:00 US/Eastern,FXI_aggressive,BUY,25,36.6900,36.6900,34.66,0.0015,0.0023,36.7862,36.7255,0.0000,bullish,0.0206,0.1000,,,535.00,"Buy Init: RSI(34.66)<=OS(35), 15mOK, >VWAP",36.590,
20250324 12:21:00 US/Eastern,SOXS_aggressive,SELL,25,22.2600,22.3900,32.41,-0.0441,-0.0487,22.6825,22.3210,0.0000,bullish,0.0431,0.1000,-3.250,-0.581,1091.50,StopLossHit(22.290),22.290,
20250324 12:22:00 US/Eastern,SOXS_aggressive,BUY,25,22.2500,22.2500,31.28,-0.0457,-0.0481,22.6797,22.3080,0.0000,bullish,0.0421,0.1000,,,535.25,"Buy Init: RSI(31.28)<=OS(35), 15mOK, >VWAP",22.150,
20250324 12:25:00 US/Eastern,FXI_aggressive,SELL,25,36.7000,36.6900,40.91,0.0003,0.0012,36.7837,36.7365,0.0000,bullish,0.0221,0.1000,0.250,0.027,1452.75,TrailingStopHit(36.723),,36.723
20250324 12:25:00 US/Eastern,BAC_aggressive,BUY,25,42.8300,42.8300,32.06,-0.0257,-0.0185,42.9922,42.9275,0.0000,bullish,0.0294,0.1000,,,382.00,"Buy Init: RSI(32.06)<=OS(35), 15mOK, >VWAP",42.730,
20250324 12:28:00 US/Eastern,SOXS_aggressive,SELL,7,22.4000,22.2500,57.72,-0.0121,-0.0321,22.6655,22.3070,0.0000,bullish,0.0540,0.1000,1.050,0.674,538.80,PartialTP 1 (1.5R @22.400),,
20250324 12:30:00 US/Eastern,SOXS_aggressive,SELL,7,22.4800,22.2500,66.20,0.0076,-0.0195,22.6627,22.3230,0.0000,bullish,0.0562,0.1000,1.610,1.034,696.16,PartialTP 2 (2.0R @22.450),,
20250324 12:33:00 US/Eastern,BAC_aggressive,SELL,25,42.8100,42.8300,33.16,-0.0322,-0.0294,42.9882,42.8705,0.0000,bullish,0.0320,0.1000,-0.500,-0.047,1766.41,TrailingStopHit(42.812),,42.812
20250324 12:39:00 US/Eastern,XLF_aggressive,BUY,25,50.0500,50.0500,31.44,-0.0189,-0.0158,50.0173,50.1030,0.0000,bullish,0.0300,0.1000,,,515.16,"Buy Init: RSI(31.44)<=OS(35), 15mOK, >VWAP",49.950,
20250324 12:40:00 US/Eastern,SOXS_aggressive,SELL,10,22.5800,22.2500,70.63,0.0447,0.0282,22.6578,22.4165,0.0000,bullish,0.0553,0.1000,3.300,1.483,740.96,PartialTP 3 (3.0R @22.550),,
20250324 12:41:00 US/Eastern,SOXS_aggressive,SELL,1,22.6600,22.2500,75.98,0.0559,0.0337,22.6578,22.4365,0.0000,bullish,0.0585,0.1000,0.410,1.843,763.62,RSIOverbought(75.98>=70),,
20250324 12:49:00 US/Eastern,XLF_aggressive,SELL,25,50.0400,50.0500,36.95,-0.0185,-0.0190,50.0183,50.0665,0.0000,bullish,0.0278,0.1000,-0.250,-0.020,2014.62,TrailingStopHit(50.047),,50.047
20250324 13:02:00 US/Eastern,FXI_aggressive,BUY,25,36.6300,36.6300,31.05,-0.0125,-0.0110,36.7747,36.6665,0.0000,bullish,0.0179,0.1000,,,1098.87,"Buy Init: RSI(31.05)<=OS(35), 15mOK, >VWAP",36.530,
20250324 13:28:00 US/Eastern,FXI_aggressive,SELL,25,36.7000,36.6300,70.61,0.0065,0.0026,36.7693,36.6690,0.0000,bullish,0.0168,0.1000,1.750,0.191,2016.37,RSIOverbought(70.61>=70),,
20250324 13:30:00 US/Eastern,TLT_aggressive,BUY,16,89.9500,89.9500,31.67,-0.0162,-0.0101,89.9466,90.0155,0.0000,bearish,0.0277,0.1000,,,577.17,"Buy Init: RSI(31.67)<=OS(35), 15mOK, >VWAP",89.850,
20250324 09:43:00 US/Eastern,BAC_aggressive,BUY,25,42.9800,42.9800,29.19,0.0000,0.0000,42.9819,42.9729,0.0000,bullish,0.0893,0.1340,,,925.50,"Buy Init: RSI(29.19)<=OS(35), 15mOK, >VWAP",42.846,
20250324 09:49:00 US/Eastern,SQQQ_aggressive,BUY,25,34.4300,34.4300,34.30,0.0000,0.0000,34.6990,34.6795,0.0000,bearish,0.1178,0.1767,,,64.75,"Buy Init: RSI(34.30)<=OS(35), 15mOK, >VWAP",34.253,
20250324 10:00:00 US/Eastern,BAC_aggressive,SELL,25,43.0500,42.9800,38.37,0.0286,0.0284,43.0077,43.0620,0.0000,bullish,0.0574,0.1340,1.750,0.163,1141.00,TrailingStopHit(43.061),,43.061
20250324 10:01:00 US/Eastern,BAC_aggressive,BUY,25,42.9900,42.9900,33.82,0.0189,0.0265,43.0073,43.0570,0.0000,bullish,0.0604,0.1000,,,66.25,"Buy Init: RSI(33.82)<=OS(35), 15mOK, >VWAP",42.890,
20250324 10:12:00 US/Eastern,SQQQ_aggressive,SELL,25,34.4800,34.4300,48.81,-0.0063,-0.0300,34.5988,34.4430,0.0000,bearish,0.0963,0.1767,1.250,0.145,928.25,TrailingStopHit(34.504),,34.504
20250324 10:12:00 US/Eastern,BAC_aggressive,SELL,25,43.0300,42.9900,42.35,0.0057,0.0092,43.0129,43.0710,0.0000,bullish,0.0562,0.1000,1.000,0.093,2004.00,TrailingStopHit(43.033),,43.033
20250324 10:24:00 US/Eastern,SQQQ_aggressive,BUY,25,34.2600,34.2600,33.49,-0.0566,-0.0440,34.5537,34.4165,0.0000,bearish,0.0779,0.1168,,,1147.50,"Buy Init: RSI(33.49)<=OS(35), 15mOK, >VWAP",34.143,
20250324 10:43:00 US/Eastern,SQQQ_aggressive,SELL,25,34.3000,34.2600,43.17,-0.0123,-0.0179,34.5196,34.3220,0.0000,bearish,0.0721,0.1168,1.000,0.117,2005.00,TrailingStopHit(34.314),,34.314
20250324 10:45:00 US/Eastern,BAC_aggressive,BUY,25,42.9300,42.9300,33.10,-0.0301,-0.0205,43.0241,43.0280,0.0000,bullish,0.0429,0.1000,,,931.75,"Buy Init: RSI(33.10)<=OS(35), 15mOK, >VWAP",42.830,
20250324 10:51:00 US/Eastern,SOXS_aggressive,BUY,25,22.5400,22.5400,32.47,-0.0354,-0.0259,22.8751,22.6760,0.0000,bullish,0.0608,0.1000,,,368.25,"Buy Init: RSI(32.47)<=OS(35), 15mOK, >VWAP",22.440,
20250324 10:57:00 US/Eastern,BAC_aggressive,SELL,25,42.9300,42.9300,39.88,-0.0200,-0.0213,43.0162,42.9685,0.0000,bullish,0.0415,0.1000,0.000,0.000,1441.50,TrailingStopHit(42.950),,42.950
20250324 10:58:00 US/Eastern,BAC_aggressive,BUY,25,42.8900,42.8900,34.97,-0.0245,-0.0219,43.0152,42.9625,0.0000,bullish,0.0421,0.1000,,,369.25,"Buy Init: RSI(34.97)<=OS(35), 15mOK, >VWAP",42.790,
20250324 11:01:00 US/Eastern,SOXS_aggressive,SELL,25,22.5400,22.5400,38.40,-0.0315,-0.0334,22.8530,22.6210,0.0000,bullish,0.0582,0.1000,0.000,0.000,932.75,TrailingStopHit(22.570),,22.570
20250324 11:04:00 US/Eastern,SOXS_aggressive,BUY,25,22.4400,22.4400,31.71,-0.0449,-0.0360,22.8360,22.5925,0.0000,bullish,0.0631,0.1000,,,371.75,"Buy Init: RSI(31.71)<=OS(35), 15mOK, >VWAP",22.340,
20250324 11:22:00 US/Eastern,SOXS_aggressive,SELL,25,22.2900,22.4400,31.61,-0.0816,-0.0798,22.7577,22.3680,0.0000,bullish,0.0508,0.1000,-3.750,-0.668,929.00,TrailingStopHit(22.419),,22.419
20250324 11:23:00 US/Eastern,SOXS_aggressive,BUY,25,22.2600,22.2600,28.75,-0.0799,-0.0798,22.7537,22.3560,0.0000,bullish,0.0514,0.1000,,,372.50,"Buy Init: RSI(28.75)<=OS(35), 15mOK, >VWAP",22.160,
20250324 11:24:00 US/Eastern,BAC_aggressive,SELL,25,42.9400,42.8900,45.92,0.0031,0.0028,43.0034,42.9530,0.0000,bullish,0.0329,0.1000,1.250,0.117,1446.00,TrailingStopHit(42.951),,42.951
20250324 11:27:00 US/Eastern,HYG_aggressive,BUY,18,79.4300,79.4300,31.35,-0.0046,-0.0008,79.4389,79.4645,0.0000,bullish,0.0140,0.1000,,,16.26,"Buy Init: RSI(31.35)<=OS(35), 15mOK, >VWAP",79.330,
20250324 11:31:00 US/Eastern,SOXS_aggressive,SELL,7,22.4400,22.2600,60.57,-0.0232,-0.0507,22.7388,22.3095,0.0000,bullish,0.0539,0.1000,1.260,0.809,173.34,PartialTP 1 (1.5R @22.410),,
20250324 11:33:00 US/Eastern,HYG_aggressive,SELL,18,79.4200,79.4300,36.46,-0.0095,-0.0069,79.4382,79.4515,0.0000,bullish,0.0163,0.1000,-0.180,-0.013,1602.90,TrailingStopHit(79.430),,79.430
20250324 11:33:00 US/Eastern,FXI_aggressive,BUY,25,36.7500,36.7500,34.96,-0.0110,-0.0076,36.8019,36.7815,0.0000,bullish,0.0216,0.1000,,,684.15,"Buy Init: RSI(34.96)<=OS(35), 15mOK, >VWAP",36.650,
20250324 11:33:00 US/Eastern,SOXS_aggressive,SELL,18,22.3700,22.2600,49.63,-0.0159,-0.0386,22.7372,22.3145,0.0000,bullish,0.0547,0.1000,1.980,0.494,1086.81,TrailingStopHit(22.374),,22.374
20250324 11:42:00 US/Eastern,FXI_aggressive,SELL,25,36.7400,36.7500,34.32,-0.0072,-0.0070,36.8013,36.7675,0.0000,bullish,0.0210,0.1000,-0.250,-0.027,2005.31,TrailingStopHit(36.745),,36.745
20250324 11:44:00 US/Eastern,NVDA_aggressive,BUY,12,121.4900,121.4900,34.98,-0.0683,-0.0190,120.7472,121.8725,0.0000,bearish,0.1602,0.2403,,,547.43,"Buy Init: RSI(34.98)<=OS(35), 15mOK, >VWAP",121.250,
20250324 12:03:00 US/Eastern,NVDA_aggressive,SELL,3,121.9000,121.4900,63.62,0.0133,-0.0246,120.8021,121.6030,0.0000,bearish,0.1401,0.2403,1.230,0.337,913.13,PartialTP 1 (1.5R @121.850),,
20250324 12:04:00 US/Eastern,SOXS_aggressive,BUY,25,22.3900,22.3900,31.96,-0.0091,0.0155,22.7121,22.5480,0.0000,bullish,0.0506,0.1000,,,353.38,"Buy Init: RSI(31.96)<=OS(35), 15mOK, >VWAP",22.290,
20250324 12:12:00 US/Eastern,NVDA_aggressive,SELL,3,121.9900,121.4900,63.76,0.0661,0.0492,120.8316,121.8025,0.0000,bearish,0.1140,0.2403,1.500,0.412,719.35,PartialTP 2 (2.0R @121.971),,
20250324 12:14:00 US/Eastern,NVDA_aggressive,SELL,6,122.1500,121.4900,70.90,0.0910,0.0620,120.8482,121.8535,0.0000,bearish,0.1182,0.2403,3.960,0.543,1452.25,RSIOverbought(70.90>=70),,
20250324 12:17:00 US/Eastern,FXI_aggressive,BUY,25,36.6900,36.6900,34.66,0.0015,0.0023,36.7862,36.7255,0.0000,bullish,0.0206,0.1000,,,535.00,"Buy Init: RSI(34.66)<=OS(35), 15mOK, >VWAP",36.590,
20250324 12:21:00 US/Eastern,SOXS_aggressive,SELL,25,22.2600,22.3900,32.41,-0.0441,-0.0487,22.6825,22.3210,0.0000,bullish,0.0431,0.1000,-3.250,-0.581,1091.50,StopLossHit(22.290),22.290,
20250324 12:22:00 US/Eastern,SOXS_aggressive,BUY,25,22.2500,22.2500,31.28,-0.0457,-0.0481,22.6797,22.3080,0.0000,bullish,0.0421,0.1000,,,535.25,"Buy Init: RSI(31.28)<=OS(35), 15mOK, >VWAP",22.150,
20250324 12:25:00 US/Eastern,FXI_aggressive,SELL,25,36.7000,36.6900,40.91,0.0003,0.0012,36.7837,36.7365,0.0000,bullish,0.0221,0.1000,0.250,0.027,1452.75,TrailingStopHit(36.723),,36.723
20250324 12:25:00 US/Eastern,BAC_aggressive,BUY,25,42.8300,42.8300,32.06,-0.0257,-0.0185,42.9922,42.9275,0.0000,bullish,0.0294,0.1000,,,382.00,"Buy Init: RSI(32.06)<=OS(35), 15mOK, >VWAP",42.730,
20250324 12:28:00 US/Eastern,SOXS_aggressive,SELL,7,22.4000,22.2500,57.72,-0.0121,-0.0321,22.6655,22.3070,0.0000,bullish,0.0540,0.1000,1.050,0.674,538.80,PartialTP 1 (1.5R @22.400),,
20250324 12:30:00 US/Eastern,SOXS_aggressive,SELL,7,22.4800,22.2500,66.20,0.0076,-0.0195,22.6627,22.3230,0.0000,bullish,0.0562,0.1000,1.610,1.034,696.16,PartialTP 2 (2.0R @22.450),,
20250324 12:33:00 US/Eastern,BAC_aggressive,SELL,25,42.8100,42.8300,33.16,-0.0322,-0.0294,42.9882,42.8705,0.0000,bullish,0.0320,0.1000,-0.500,-0.047,1766.41,TrailingStopHit(42.812),,42.812
20250324 12:39:00 US/Eastern,XLF_aggressive,BUY,25,50.0500,50.0500,31.44,-0.0189,-0.0158,50.0173,50.1030,0.0000,bullish,0.0300,0.1000,,,515.16,"Buy Init: RSI(31.44)<=OS(35), 15mOK, >VWAP",49.950,
20250324 12:40:00 US/Eastern,SOXS_aggressive,SELL,10,22.5800,22.2500,70.63,0.0447,0.0282,22.6578,22.4165,0.0000,bullish,0.0553,0.1000,3.300,1.483,740.96,PartialTP 3 (3.0R @22.550),,
20250324 12:41:00 US/Eastern,SOXS_aggressive,SELL,1,22.6600,22.2500,75.98,0.0559,0.0337,22.6578,22.4365,0.0000,bullish,0.0585,0.1000,0.410,1.843,763.62,RSIOverbought(75.98>=70),,
20250324 12:49:00 US/Eastern,XLF_aggressive,SELL,25,50.0400,50.0500,36.95,-0.0185,-0.0190,50.0183,50.0665,0.0000,bullish,0.0278,0.1000,-0.250,-0.020,2014.62,TrailingStopHit(50.047),,50.047
20250324 13:02:00 US/Eastern,FXI_aggressive,BUY,25,36.6300,36.6300,31.05,-0.0125,-0.0110,36.7747,36.6665,0.0000,bullish,0.0179,0.1000,,,1098.87,"Buy Init: RSI(31.05)<=OS(35), 15mOK, >VWAP",36.530,
20250324 13:28:00 US/Eastern,FXI_aggressive,SELL,25,36.7000,36.6300,70.61,0.0065,0.0026,36.7693,36.6690,0.0000,bullish,0.0168,0.1000,1.750,0.191,2016.37,RSIOverbought(70.61>=70),,
20250324 13:30:00 US/Eastern,TLT_aggressive,BUY,16,89.9500,89.9500,31.67,-0.0162,-0.0101,89.9466,90.0155,0.0000,bearish,0.0277,0.1000,,,577.17,"Buy Init: RSI(31.67)<=OS(35), 15mOK, >VWAP",89.850,
20250324 13:53:00 US/Eastern,TLT_aggressive,SELL,16,89.8500,89.9500,32.87,-0.0321,-0.0324,89.9440,89.8755,0.0000,bearish,0.0238,0.1000,-1.600,-0.111,2014.77,StopLossHit(89.850),89.850,
20250324 13:54:00 US/Eastern,TLT_aggressive,BUY,16,89.8400,89.8400,30.70,-0.0316,-0.0323,89.9439,89.8720,0.0000,bearish,0.0236,0.1000,,,577.33,"Buy Init: RSI(30.70)<=OS(35), 15mOK, >VWAP",89.740,
20250324 14:06:00 US/Eastern,TLT_aggressive,SELL,16,89.8100,89.8400,33.76,-0.0186,-0.0208,89.9423,89.8475,0.0000,bearish,0.0240,0.1000,-0.480,-0.033,2014.29,TrailingStopHit(89.831),,89.831
20250324 14:07:00 US/Eastern,HYG_aggressive,BUY,18,79.4200,79.4200,28.70,-0.0108,-0.0076,79.4434,79.4435,0.0000,bullish,0.0138,0.1000,,,584.73,"Buy Init: RSI(28.70)<=OS(35), 15mOK, >VWAP",79.320,
20250324 14:12:00 US/Eastern,HYG_aggressive,SELL,18,79.4200,79.4200,36.31,-0.0072,-0.0078,79.4433,79.4360,0.0000,bullish,0.0139,0.1000,0.000,0.000,2014.29,TrailingStopHit(79.423),,79.423
20250324 14:12:00 US/Eastern,TLT_aggressive,BUY,16,89.7700,89.7700,28.58,-0.0281,-0.0242,89.9365,89.8285,0.0000,bearish,0.0232,0.1000,,,577.97,"Buy Init: RSI(28.58)<=OS(35), 15mOK, >VWAP",89.670,
20250324 14:29:00 US/Eastern,TLT_aggressive,SELL,16,89.7800,89.7700,38.50,-0.0073,-0.0093,89.9315,89.7980,0.0000,bearish,0.0223,0.1000,0.160,0.011,2014.45,TrailingStopHit(89.803),,89.803
20250324 14:39:00 US/Eastern,SOXS_aggressive,BUY,25,22.6400,22.6400,32.16,-0.0023,0.0142,22.6534,22.7780,0.0000,bullish,0.0452,0.1000,,,1448.45,"Buy Init: RSI(32.16)<=OS(35), 15mOK, >VWAP",22.540,
20250324 14:40:00 US/Eastern,SQQQ_aggressive,BUY,25,34.2100,34.2100,30.65,-0.0134,-0.0004,34.3669,34.3360,0.0000,bearish,0.0535,0.1000,,,593.20,"Buy Init: RSI(30.65)<=OS(35), 15mOK, >VWAP",34.110,
20250324 14:43:00 US/Eastern,SQQQ_aggressive,SELL,25,34.1600,34.2100,31.24,-0.0304,-0.0117,34.3649,34.3200,0.0000,bearish,0.0604,0.1000,-1.250,-0.146,1447.20,TrailingStopHit(34.197),,34.197
20250324 14:43:00 US/Eastern,TLT_aggressive,BUY,16,89.7200,89.7200,30.00,-0.0156,-0.0096,89.9258,89.7910,0.0000,bearish,0.0267,0.1000,,,11.68,"Buy Init: RSI(30.00)<=OS(35), 15mOK, >VWAP",89.620,
20250324 14:52:00 US/Eastern,SOXS_aggressive,SELL,25,22.5400,22.6400,35.12,-0.0523,-0.0477,22.6499,22.6385,0.0000,bullish,0.0521,0.1000,-2.500,-0.442,575.18,StopLossHit(22.540),22.540,
20250324 15:02:00 US/Eastern,TLT_aggressive,SELL,16,89.8100,89.7200,52.64,0.0101,0.0049,89.9195,89.7895,0.0000,bearish,0.0295,0.1000,1.440,0.100,2012.14,TrailingStopHit(89.825),,89.825
20250324 15:03:00 US/Eastern,SQQQ_aggressive,BUY,25,34.0900,34.0900,30.37,-0.0394,-0.0398,34.3543,34.1575,0.0000,bearish,0.0464,0.1000,,,1159.89,"Buy Init: RSI(30.37)<=OS(35), 15mOK, >VWAP",33.990,
20250324 15:05:00 US/Eastern,SOXS_aggressive,BUY,25,22.4600,22.4600,29.92,-0.0352,-0.0342,22.6483,22.5600,0.0000,bullish,0.0410,0.1000,,,598.39,"Buy Init: RSI(29.92)<=OS(35), 15mOK, >VWAP",22.360,
20250324 15:15:00 US/Eastern,SOXS_aggressive,SELL,25,22.4200,22.4600,33.96,-0.0448,-0.0455,22.6440,22.4990,0.0000,bullish,0.0405,0.1000,-1.000,-0.178,1158.89,TrailingStopHit(22.431),,22.431
20250324 15:16:00 US/Eastern,SQQQ_aggressive,SELL,25,34.0400,34.0900,36.91,-0.0347,-0.0407,34.3447,34.0840,0.0000,bearish,0.0400,0.1000,-1.250,-0.147,2009.89,TrailingStopHit(34.052),,34.052
20250324 15:16:00 US/Eastern,SOXS_aggressive,BUY,25,22.3900,22.3900,30.74,-0.0474,-0.0459,22.6431,22.4890,0.0000,bullish,0.0404,0.1000,,,1450.14,"Buy Init: RSI(30.74)<=OS(35), 15mOK, >VWAP",22.290,
20250324 15:29:00 US/Eastern,SOXS_aggressive,SELL,7,22.5400,22.3900,60.18,-0.0059,-0.0244,22.6373,22.4400,0.0000,bullish,0.0440,0.1000,1.050,0.670,1607.92,PartialTP 1 (1.5R @22.540),,
20250324 15:29:00 US/Eastern,TLT_aggressive,BUY,16,89.7600,89.7600,34.88,-0.0097,-0.0005,89.9126,89.8155,0.0000,bearish,0.0247,0.1000,,,171.76,"Buy Init: RSI(34.88)<=OS(35), 15mOK, >VWAP",89.660,
20250324 15:34:00 US/Eastern,SOXS_aggressive,SELL,7,22.5900,22.3900,63.69,0.0185,-0.0001,22.6362,22.4655,0.0000,bullish,0.0446,0.1000,1.400,0.893,329.89,PartialTP 2 (2.0R @22.590),,
20250324 15:41:00 US/Eastern,SOXS_aggressive,SELL,11,22.5400,22.3900,52.29,0.0234,0.0205,22.6356,22.5230,0.0000,bullish,0.0431,0.1000,1.650,0.670,577.83,TrailingStopHit(22.548),,22.548
20250324 15:43:00 US/Eastern,TLT_aggressive,SELL,16,89.7400,89.7600,40.18,-0.0139,-0.0147,89.9050,89.7605,0.0000,bearish,0.0218,0.1000,-0.320,-0.022,2013.67,TrailingStopHit(89.744),,89.744
20250324 15:47:00 US/Eastern,SQQQ_aggressive,BUY,25,34.0100,34.0100,34.51,-0.0074,0.0024,34.3280,34.1100,0.0000,bearish,0.0423,0.1000,,,1163.42,"Buy Init: RSI(34.51)<=OS(35), 15mOK, >VWAP",33.910,
20250324 15:54:00 US/Eastern,SQQQ_aggressive,SELL,25,33.9400,34.0100,34.61,-0.0199,-0.0109,34.3102,34.0885,0.0000,bearish,0.0613,0.1000,-1.750,-0.206,2011.92,TrailingStopHit(34.046),,34.046
20250324 15:56:00 US/Eastern,NVDA_aggressive,BUY,12,121.5500,121.5500,34.24,-0.0292,-0.0106,121.2216,121.7470,0.0000,bearish,0.1420,0.2130,,,553.32,"Buy Init: RSI(34.24)<=OS(35), 15mOK, >VWAP",121.337,
20250324 15:59:00 US/Eastern,NVDA_aggressive,SELL,12,121.2300,121.5500,22.46,-0.0928,-0.0397,121.2248,121.7195,0.0000,bearish,0.1476,0.2130,-3.840,-0.263,2008.08,EndOfDayExit,,
20250325 09:43:00 US/Eastern,XLF_aggressive,BUY,25,50.2900,50.2900,31.25,0.0000,0.0000,50.3091,50.3114,0.0000,bullish,0.0649,0.1000,,,750.83,"Buy Init: RSI(31.25)<=OS(35), 15mOK, >VWAP",50.190,
20250325 09:52:00 US/Eastern,XLF_aggressive,SELL,25,50.1900,50.2900,30.16,0.0000,0.0000,50.2862,50.2695,0.0000,bullish,0.0619,0.1000,-2.500,-0.199,2005.58,StopLossHit(50.190),50.190,
20250325 09:52:00 US/Eastern,BAC_aggressive,BUY,25,43.2200,43.2200,24.77,0.0000,0.0000,43.3505,43.2995,0.0000,bullish,0.0840,0.1261,,,925.08,"Buy Init: RSI(24.77)<=OS(35), 15mOK, >VWAP",43.094,
20250325 10:04:00 US/Eastern,BAC_aggressive,SELL,25,43.1300,43.2200,30.36,-0.0546,-0.0469,43.3138,43.2040,0.0000,bullish,0.0707,0.1261,-2.250,-0.208,2003.33,TrailingStopHit(43.195),,43.195
20250325 10:05:00 US/Eastern,BAC_aggressive,BUY,25,43.1400,43.1400,31.74,-0.0523,-0.0480,43.3121,43.1985,0.0000,bullish,0.0678,0.1016,,,924.83,"Buy Init: RSI(31.74)<=OS(35), 15mOK, >VWAP",43.038,
20250325 10:25:00 US/Eastern,BAC_aggressive,SELL,25,43.2100,43.1400,45.99,0.0118,0.0019,43.2814,43.2030,0.0000,bullish,0.0524,0.1016,1.750,0.162,2005.08,TrailingStopHit(43.227),,43.227
20250325 10:27:00 US/Eastern,FXI_aggressive,BUY,25,36.5000,36.5000,34.17,-0.0239,-0.0138,36.5578,36.5840,0.0000,bearish,0.0327,0.1000,,,1092.58,"Buy Init: RSI(34.17)<=OS(35), 15mOK, >VWAP",36.400,
20250325 10:29:00 US/Eastern,SQQQ_aggressive,BUY,25,33.6800,33.6800,33.77,-0.0392,-0.0352,33.9392,33.8075,0.0000,bearish,0.0734,0.1101,,,250.58,"Buy Init: RSI(33.77)<=OS(35), 15mOK, >VWAP",33.570,
20250325 10:33:00 US/Eastern,FXI_aggressive,SELL,25,36.4800,36.5000,34.05,-0.0278,-0.0228,36.5540,36.5355,0.0000,bearish,0.0315,0.1000,-0.500,-0.055,1162.58,TrailingStopHit(36.482),,36.482
20250325 10:35:00 US/Eastern,SQQQ_aggressive,SELL,25,33.7300,33.6800,42.40,-0.0318,-0.0355,33.9260,33.7855,0.0000,bearish,0.0687,0.1101,1.250,0.148,2005.83,TrailingStopHit(33.748),,33.748
20250325 10:36:00 US/Eastern,FXI_aggressive,BUY,25,36.4700,36.4700,34.68,-0.0281,-0.0251,36.5526,36.5195,0.0000,bearish,0.0299,0.1000,,,1094.08,"Buy Init: RSI(34.68)<=OS(35), 15mOK, >VWAP",36.370,
20250325 10:40:00 US/Eastern,SQQQ_aggressive,BUY,25,33.6100,33.6100,33.24,-0.0536,-0.0426,33.9121,33.7455,0.0000,bearish,0.0615,0.1000,,,253.83,"Buy Init: RSI(33.24)<=OS(35), 15mOK, >VWAP",33.510,
20250325 10:42:00 US/Eastern,FXI_aggressive,SELL,25,36.4600,36.4700,36.51,-0.0255,-0.0253,36.5497,36.4990,0.0000,bearish,0.0274,0.1000,-0.250,-0.027,1165.33,TrailingStopHit(36.467),,36.467
20250325 10:43:00 US/Eastern,FXI_aggressive,BUY,25,36.4500,36.4500,34.76,-0.0266,-0.0255,36.5495,36.4940,0.0000,bearish,0.0269,0.1000,,,254.08,"Buy Init: RSI(34.76)<=OS(35), 15mOK, >VWAP",36.350,
20250325 11:00:00 US/Eastern,SQQQ_aggressive,SELL,25,33.5500,33.6100,42.40,-0.0330,-0.0454,33.8544,33.5600,0.0000,bearish,0.0533,0.1000,-1.500,-0.179,1092.83,TrailingStopHit(33.556),,33.556
20250325 11:11:00 US/Eastern,FXI_aggressive,SELL,25,36.5400,36.4500,54.51,0.0130,0.0127,36.5436,36.5325,0.0000,bearish,0.0223,0.1000,2.250,0.247,2006.33,TrailingStopHit(36.543),,36.543
20250325 11:22:00 US/Eastern,HYG_aggressive,BUY,18,79.5000,79.5000,34.37,-0.0023,-0.0018,79.5217,79.5155,0.0000,bearish,0.0126,0.1000,,,575.33,"Buy Init: RSI(34.37)<=OS(35), 15mOK, >VWAP",79.400,
20250325 11:42:00 US/Eastern,HYG_aggressive,SELL,18,79.4900,79.5000,38.13,-0.0025,-0.0021,79.5204,79.5040,0.0000,bearish,0.0118,0.1000,-0.180,-0.013,2006.15,TrailingStopHit(79.496),,79.496
20250325 11:42:00 US/Eastern,FXI_aggressive,BUY,25,36.4400,36.4400,27.81,-0.0189,-0.0133,36.5385,36.4945,0.0000,bearish,0.0201,0.1000,,,1095.15,"Buy Init: RSI(27.81)<=OS(35), 15mOK, >VWAP",36.340,
20250325 11:48:00 US/Eastern,BAC_aggressive,BUY,25,43.2000,43.2000,30.32,-0.0166,-0.0128,43.2757,43.2490,0.0000,bullish,0.0252,0.1000,,,15.15,"Buy Init: RSI(30.32)<=OS(35), 15mOK, >VWAP",43.100,
20250325 11:53:00 US/Eastern,FXI_aggressive,SELL,25,36.4100,36.4400,33.09,-0.0279,-0.0265,36.5335,36.4390,0.0000,bearish,0.0199,0.1000,-0.750,-0.082,925.40,TrailingStopHit(36.426),,36.426
20250325 11:53:00 US/Eastern,BAC_aggressive,SELL,25,43.1900,43.2000,32.34,-0.0214,-0.0175,43.2743,43.2300,0.0000,bullish,0.0248,0.1000,-0.250,-0.023,2005.15,TrailingStopHit(43.190),,43.190
20250325 11:54:00 US/Eastern,TQQQ_aggressive,BUY,22,66.8600,66.8600,34.67,-0.0526,-0.0447,66.7705,66.9950,0.0000,bullish,0.0781,0.1171,,,534.23,"Buy Init: RSI(34.67)<=OS(35), 15mOK, >VWAP",66.743,
20250325 12:05:00 US/Eastern,TQQQ_aggressive,SELL,22,66.8300,66.8600,41.18,-0.0468,-0.0514,66.7750,66.9160,0.0000,bullish,0.0901,0.1171,-0.660,-0.045,2004.49,TrailingStopHit(66.862),,66.862
20250325 12:05:00 US/Eastern,HYG_aggressive,BUY,18,79.4700,79.4700,34.45,-0.0078,-0.0068,79.5172,79.4850,0.0000,bearish,0.0123,0.1000,,,574.03,"Buy Init: RSI(34.45)<=OS(35), 15mOK, >VWAP",79.370,
20250325 12:19:00 US/Eastern,HYG_aggressive,SELL,18,79.4800,79.4700,45.22,-0.0001,-0.0014,79.5156,79.4815,0.0000,bearish,0.0108,0.1000,0.180,0.013,2004.67,TrailingStopHit(79.487),,79.487
20250325 12:30:00 US/Eastern,TQQQ_aggressive,BUY,22,66.7000,66.7000,34.11,-0.0379,-0.0270,66.7808,66.8470,0.0000,bullish,0.0802,0.1203,,,537.27,"Buy Init: RSI(34.11)<=OS(35), 15mOK, >VWAP",66.580,
20250325 12:47:00 US/Eastern,TQQQ_aggressive,SELL,6,66.9100,66.7000,60.76,0.0121,-0.0116,66.7795,66.7600,0.0000,bullish,0.0736,0.1203,1.260,0.315,938.73,PartialTP 1 (1.5R @66.881),,
20250325 12:51:00 US/Eastern,TQQQ_aggressive,SELL,6,66.9500,66.7000,62.24,0.0289,0.0079,66.7807,66.7915,0.0000,bullish,0.0708,0.1203,1.500,0.375,1340.43,PartialTP 2 (2.0R @66.941),,
20250325 12:54:00 US/Eastern,SQQQ_aggressive,BUY,25,33.6600,33.6600,32.80,-0.0248,-0.0128,33.7854,33.7530,0.0000,bearish,0.0389,0.1000,,,498.93,"Buy Init: RSI(32.80)<=OS(35), 15mOK, >VWAP",33.560,
20250325 12:56:00 US/Eastern,TQQQ_aggressive,SELL,10,66.9100,66.7000,53.09,0.0489,0.0345,66.7842,66.8700,0.0000,bullish,0.0724,0.1203,2.100,0.315,1168.03,TrailingStopHit(66.943),,66.943
20250325 13:00:00 US/Eastern,SQQQ_aggressive,SELL,25,33.6700,33.6600,39.90,-0.0217,-0.0200,33.7843,33.7165,0.0000,bearish,0.0396,0.1000,0.250,0.030,2009.78,TrailingStopHit(33.672),,33.672
20250325 13:02:00 US/Eastern,SQQQ_aggressive,BUY,25,33.6200,33.6200,33.41,-0.0283,-0.0223,33.7833,33.7045,0.0000,bearish,0.0397,0.1000,,,1169.28,"Buy Init: RSI(33.41)<=OS(35), 15mOK, >VWAP",33.520,
20250325 13:22:00 US/Eastern,SQQQ_aggressive,SELL,7,33.7800,33.6200,67.59,0.0210,0.0007,33.7775,33.6565,0.0000,bearish,0.0376,0.1000,1.120,0.476,1405.74,PartialTP 1 (1.5R @33.770),,
20250325 13:25:00 US/Eastern,BAC_aggressive,BUY,25,43.2000,43.2000,30.04,-0.0128,-0.0075,43.2662,43.2480,0.0000,bullish,0.0214,0.1000,,,325.74,"Buy Init: RSI(30.04)<=OS(35), 15mOK, >VWAP",43.100,
20250325 13:27:00 US/Eastern,SQQQ_aggressive,SELL,7,33.8400,33.6200,73.32,0.0398,0.0231,33.7781,33.7060,0.0000,bearish,0.0390,0.1000,1.540,0.654,562.62,PartialTP 2 (2.0R @33.820),,
20250325 13:28:00 US/Eastern,SQQQ_aggressive,SELL,11,33.8700,33.6200,76.23,0.0451,0.0275,33.7783,33.7205,0.0000,bearish,0.0391,0.1000,2.750,0.744,935.19,RSIOverbought(76.23>=70),,
20250325 13:28:00 US/Eastern,FXI_aggressive,BUY,25,36.4200,36.4200,32.36,-0.0077,-0.0031,36.5119,36.4515,0.0000,bearish,0.0149,0.1000,,,24.69,"Buy Init: RSI(32.36)<=OS(35), 15mOK, >VWAP",36.320,
20250325 13:43:00 US/Eastern,FXI_aggressive,SELL,25,36.4200,36.4200,44.82,-0.0050,-0.0074,36.5096,36.4225,0.0000,bearish,0.0140,0.1000,0.000,0.000,935.19,TrailingStopHit(36.423),,36.423
20250325 13:47:00 US/Eastern,BAC_aggressive,SELL,25,43.2300,43.2000,48.07,0.0058,0.0033,43.2640,43.2260,0.0000,bullish,0.0202,0.1000,0.750,0.069,2015.94,TrailingStopHit(43.246),,43.246
20250325 13:53:00 US/Eastern,XLF_aggressive,BUY,25,50.2800,50.2800,32.98,-0.0090,-0.0023,50.3204,50.3265,0.0000,bullish,0.0220,0.1000,,,758.94,"Buy Init: RSI(32.98)<=OS(35), 15mOK, >VWAP",50.180,
20250325 13:59:00 US/Eastern,XLF_aggressive,SELL,25,50.2700,50.2800,33.44,-0.0125,-0.0087,50.3202,50.3155,0.0000,bullish,0.0208,0.1000,-0.250,-0.020,2015.69,TrailingStopHit(50.275),,50.275
20250325 13:59:00 US/Eastern,BAC_aggressive,BUY,25,43.1800,43.1800,34.90,-0.0106,-0.0057,43.2627,43.2245,0.0000,bullish,0.0213,0.1000,,,936.19,"Buy Init: RSI(34.90)<=OS(35), 15mOK, >VWAP",43.080,
20250325 14:14:00 US/Eastern,SQQQ_aggressive,BUY,25,33.7600,33.7600,34.89,-0.0170,-0.0014,33.7864,33.8525,0.0000,bearish,0.0428,0.1000,,,92.19,"Buy Init: RSI(34.89)<=OS(35), 15mOK, >VWAP",33.660,
20250325 14:18:00 US/Eastern,SQQQ_aggressive,SELL,25,33.7300,33.7600,33.49,-0.0273,-0.0143,33.7862,33.8350,0.0000,bearish,0.0432,0.1000,-0.750,-0.089,935.44,TrailingStopHit(33.738),,33.738
20250325 14:18:00 US/Eastern,FXI_aggressive,BUY,25,36.3900,36.3900,34.76,-0.0063,-0.0056,36.5066,36.4010,0.0000,bearish,0.0130,0.1000,,,25.69,"Buy Init: RSI(34.76)<=OS(35), 15mOK, >VWAP",36.290,
20250325 14:23:00 US/Eastern,FXI_aggressive,SELL,25,36.3900,36.3900,40.36,-0.0045,-0.0050,36.5062,36.3995,0.0000,bearish,0.0126,0.1000,0.000,0.000,935.44,TrailingStopHit(36.395),,36.395
20250325 14:25:00 US/Eastern,FXI_aggressive,BUY,25,36.3600,36.3600,27.30,-0.0080,-0.0057,36.5059,36.3960,0.0000,bearish,0.0144,0.1000,,,26.44,"Buy Init: RSI(27.30)<=OS(35), 15mOK, >VWAP",36.260,
20250325 14:25:00 US/Eastern,BAC_aggressive,SELL,25,43.2200,43.1800,46.28,0.0079,0.0076,43.2600,43.2290,0.0000,bullish,0.0235,0.1000,1.000,0.093,1106.94,TrailingStopHit(43.232),,43.232
20250325 14:29:00 US/Eastern,FXI_aggressive,SELL,25,36.3500,36.3600,31.89,-0.0134,-0.0093,36.5041,36.3875,0.0000,bearish,0.0139,0.1000,-0.250,-0.028,2015.69,TrailingStopHit(36.353),,36.353
20250325 14:29:00 US/Eastern,TLT_aggressive,BUY,16,89.9100,89.9100,30.51,-0.0144,-0.0081,89.8067,89.9705,0.0000,bearish,0.0214,0.1000,,,577.13,"Buy Init: RSI(30.51)<=OS(35), 15mOK, >VWAP",89.810,
20250325 14:35:00 US/Eastern,TLT_aggressive,SELL,16,89.9000,89.9100,35.30,-0.0172,-0.0144,89.8087,89.9415,0.0000,bearish,0.0227,0.1000,-0.160,-0.011,2015.53,TrailingStopHit(89.903),,89.903
20250325 14:36:00 US/Eastern,FXI_aggressive,BUY,25,36.3400,36.3400,32.24,-0.0166,-0.0148,36.5018,36.3670,0.0000,bearish,0.0152,0.1000,,,1107.03,"Buy Init: RSI(32.24)<=OS(35), 15mOK, >VWAP",36.240,
20250325 14:45:00 US/Eastern,BAC_aggressive,BUY,25,43.1600,43.1600,33.93,-0.0117,-0.0058,43.2581,43.2100,0.0000,bullish,0.0224,0.1000,,,28.03,"Buy Init: RSI(33.93)<=OS(35), 15mOK, >VWAP",43.060,
20250325 14:58:00 US/Eastern,BAC_aggressive,SELL,25,43.1700,43.1600,43.56,-0.0081,-0.0101,43.2560,43.1795,0.0000,bullish,0.0211,0.1000,0.250,0.023,1107.28,TrailingStopHit(43.175),,43.175
20250325 15:02:00 US/Eastern,SOXS_aggressive,BUY,25,22.9400,22.9400,31.23,-0.0186,-0.0043,22.7937,23.0510,0.0000,bullish,0.0360,0.1000,,,533.78,"Buy Init: RSI(31.23)<=OS(35), 15mOK, >VWAP",22.840,
20250325 15:18:00 US/Eastern,SOXS_aggressive,SELL,25,22.9800,22.9400,46.97,-0.0064,-0.0136,22.7994,22.9735,0.0000,bullish,0.0374,0.1000,1.000,0.174,1108.28,TrailingStopHit(22.995),,22.995
20250325 15:34:00 US/Eastern,SOXS_aggressive,BUY,25,22.8700,22.8700,33.51,-0.0224,-0.0145,22.8047,22.9595,0.0000,bullish,0.0323,0.1000,,,536.53,"Buy Init: RSI(33.51)<=OS(35), 15mOK, >VWAP",22.770,
20250325 15:37:00 US/Eastern,SOXS_aggressive,SELL,25,22.8400,22.8700,32.58,-0.0290,-0.0201,22.8060,22.9390,0.0000,bullish,0.0386,0.1000,-0.750,-0.131,1107.53,TrailingStopHit(22.854),,22.854
20250325 15:45:00 US/Eastern,SQQQ_aggressive,BUY,25,33.6100,33.6100,30.34,-0.0302,-0.0272,33.7803,33.6785,0.0000,bearish,0.0409,0.1000,,,267.28,"Buy Init: RSI(30.34)<=OS(35), 15mOK, >VWAP",33.510,
20250325 15:59:00 US/Eastern,FXI_aggressive,SELL,25,36.3100,36.3400,54.71,0.0024,0.0001,36.4242,36.2960,0.0000,bearish,0.0208,0.1000,-0.750,-0.083,1175.03,EndOfDayExit,,
20250325 15:59:00 US/Eastern,SQQQ_aggressive,SELL,25,33.5200,33.6100,33.20,-0.0409,-0.0414,33.7653,33.5770,0.0000,bearish,0.0502,0.1000,-2.250,-0.268,2013.03,EndOfDayExit,,
20250326 09:43:00 US/Eastern,NVDA_aggressive,BUY,12,117.5900,117.5900,27.39,0.0000,0.0000,118.0594,118.0293,0.0000,bearish,0.5056,0.7584,,,601.95,"Buy Init: RSI(27.39)<=OS(35), 15mOK, >VWAP",116.832,
20250326 09:58:00 US/Eastern,NVDA_aggressive,SELL,12,116.4300,117.5900,33.28,-0.4745,-0.4151,117.3954,117.0655,0.0000,bearish,0.4085,0.7584,-13.920,-0.986,1999.11,StopLossHit(116.832),116.832,
20250326 09:58:00 US/Eastern,TQQQ_aggressive,BUY,22,65.5500,65.5500,22.96,-0.2802,-0.1913,66.3473,66.2595,0.0000,bearish,0.2083,0.3124,,,557.01,"Buy Init: RSI(22.96)<=OS(35), 15mOK, >VWAP",65.238,
20250326 10:15:00 US/Eastern,TQQQ_aggressive,SELL,22,65.3200,65.5500,35.47,-0.2119,-0.2265,66.0417,65.4945,0.0000,bearish,0.2091,0.3124,-5.060,-0.351,1994.05,TrailingStopHit(65.409),,65.409
20250326 10:16:00 US/Eastern,NVDA_aggressive,BUY,13,115.2300,115.2300,28.56,-0.4317,-0.4145,116.9257,115.9760,0.0000,bearish,0.3282,0.4923,,,496.06,"Buy Init: RSI(28.56)<=OS(35), 15mOK, >VWAP",114.738,
20250326 10:42:00 US/Eastern,NVDA_aggressive,SELL,13,115.1000,115.2300,41.91,-0.0862,-0.1288,116.4225,115.1635,0.0000,bearish,0.2276,0.4923,-1.690,-0.113,1992.36,TrailingStopHit(115.127),,115.127
20250326 10:42:00 US/Eastern,HYG_aggressive,BUY,18,79.3000,79.3000,33.73,-0.0059,-0.0075,79.3559,79.3050,0.0000,bullish,0.0133,0.1000,,,564.96,"Buy Init: RSI(33.73)<=OS(35), 15mOK, >VWAP",79.200,
20250326 11:44:00 US/Eastern,HYG_aggressive,SELL,18,79.2000,79.3000,34.68,-0.0102,-0.0114,79.3138,79.2160,0.0000,bullish,0.0143,0.1000,-1.800,-0.126,1990.56,StopLossHit(79.200),79.200,
20250326 11:44:00 US/Eastern,PLTR_aggressive,BUY,16,93.7200,93.7200,34.14,-0.1410,-0.1033,94.7704,94.0730,0.0000,bullish,0.1956,0.2934,,,491.04,"Buy Init: RSI(34.14)<=OS(35), 15mOK, >VWAP",93.427,
20250326 12:05:00 US/Eastern,PLTR_aggressive,SELL,16,92.2000,93.7200,33.43,-0.4828,-0.4803,94.4499,92.5875,0.0000,bullish,0.2604,0.2934,-24.320,-1.622,1966.24,StopLossHit(93.427),93.427,
20250326 12:06:00 US/Eastern,FXI_aggressive,BUY,25,36.3500,36.3500,34.19,-0.0220,-0.0191,36.3057,36.3905,0.0000,bearish,0.0255,0.1000,,,1057.49,"Buy Init: RSI(34.19)<=OS(35), 15mOK, >VWAP",36.250,
20250326 12:13:00 US/Eastern,FXI_aggressive,SELL,25,36.3300,36.3500,34.71,-0.0205,-0.0207,36.3062,36.3615,0.0000,bearish,0.0240,0.1000,-0.500,-0.055,1965.74,TrailingStopHit(36.331),,36.331
20250326 12:14:00 US/Eastern,NVDA_aggressive,BUY,13,113.7800,113.7800,34.10,-0.2108,-0.2161,115.8260,113.9935,0.0000,bearish,0.1888,0.2832,,,486.60,"Buy Init: RSI(34.10)<=OS(35), 15mOK, >VWAP",113.497,
20250326 12:39:00 US/Eastern,NVDA_aggressive,SELL,3,114.2100,113.7800,61.06,0.0471,0.0056,115.6769,113.9690,0.0000,bearish,0.1615,0.2832,1.290,0.378,829.23,PartialTP 1 (1.5R @114.205),,
20250326 12:43:00 US/Eastern,NVDA_aggressive,SELL,10,114.0300,113.7800,49.09,0.0412,0.0310,115.6612,114.0410,0.0000,bearish,0.1620,0.2832,2.500,0.220,1969.53,TrailingStopHit(114.056),,114.056
20250326 12:43:00 US/Eastern,HYG_aggressive,BUY,18,79.1100,79.1100,32.44,-0.0116,-0.0081,79.2677,79.1420,0.0000,bullish,0.0134,0.1000,,,545.55,"Buy Init: RSI(32.44)<=OS(35), 15mOK, >VWAP",79.010,
20250326 13:26:00 US/Eastern,HYG_aggressive,SELL,18,79.0000,79.1100,44.90,-0.0170,-0.0203,79.1960,78.9960,0.0000,bullish,0.0181,0.1000,-1.980,-0.139,1967.55,StopLossHit(79.010),79.010,
20250326 13:28:00 US/Eastern,HYG_aggressive,BUY,18,78.9800,78.9800,34.48,-0.0152,-0.0185,79.1922,78.9925,0.0000,bullish,0.0184,0.1000,,,545.91,"Buy Init: RSI(34.48)<=OS(35), 15mOK, >VWAP",78.880,
20250326 13:35:00 US/Eastern,HYG_aggressive,SELL,18,78.9800,78.9800,38.15,-0.0099,-0.0120,79.1836,78.9850,0.0000,bullish,0.0165,0.1000,0.000,0.000,1967.55,TrailingStopHit(78.980),,78.980
20250326 13:35:00 US/Eastern,FXI_aggressive,BUY,25,36.1800,36.1800,28.42,-0.0220,-0.0199,36.3050,36.2180,0.0000,bearish,0.0197,0.1000,,,1063.05,"Buy Init: RSI(28.42)<=OS(35), 15mOK, >VWAP",36.080,
20250326 13:44:00 US/Eastern,FXI_aggressive,SELL,25,36.2100,36.1800,45.96,-0.0078,-0.0135,36.3032,36.2090,0.0000,bearish,0.0202,0.1000,0.750,0.083,1968.30,TrailingStopHit(36.216),,36.216
20250326 13:55:00 US/Eastern,PLTR_aggressive,BUY,16,91.5700,91.5700,32.03,-0.0972,-0.0483,93.9017,91.9780,0.0000,bullish,0.1479,0.2219,,,503.18,"Buy Init: RSI(32.03)<=OS(35), 15mOK, >VWAP",91.348,
20250326 14:03:00 US/Eastern,PLTR_aggressive,SELL,16,91.2400,91.5700,31.99,-0.1949,-0.1549,93.8347,91.6955,0.0000,bullish,0.1601,0.2219,-5.280,-0.360,1963.02,StopLossHit(91.348),91.348,
20250326 14:04:00 US/Eastern,PLTR_aggressive,BUY,16,91.1200,91.1200,29.20,-0.2098,-0.1658,93.8205,91.6460,0.0000,bullish,0.1672,0.2508,,,505.10,"Buy Init: RSI(29.20)<=OS(35), 15mOK, >VWAP",90.869,
20250326 14:10:00 US/Eastern,PLTR_aggressive,SELL,4,91.5800,91.1200,51.96,-0.1488,-0.1831,93.7721,91.4325,0.0000,bullish,0.1700,0.2508,1.840,0.505,871.42,PartialTP 1 (1.5R @91.496),,
20250326 14:12:00 US/Eastern,PLTR_aggressive,SELL,4,91.7200,91.1200,56.86,-0.0854,-0.1534,93.7527,91.4105,0.0000,bullish,0.1804,0.2508,2.400,0.658,1238.30,PartialTP 2 (2.0R @91.622),,
20250326 14:13:00 US/Eastern,SOXS_aggressive,BUY,25,25.1600,25.1600,33.68,-0.0370,-0.0124,24.3985,25.3395,0.0000,bearish,0.0574,0.1000,,,609.30,"Buy Init: RSI(33.68)<=OS(35), 15mOK, >VWAP",25.060,
20250326 14:14:00 US/Eastern,PLTR_aggressive,SELL,6,91.8900,91.1200,62.06,-0.0140,-0.1086,93.7422,91.4270,0.0000,bullish,0.1774,0.2508,4.620,0.845,1160.64,PartialTP 3 (3.0R @91.873),,
20250326 14:16:00 US/Eastern,PLTR_aggressive,SELL,2,91.7600,91.1200,54.59,0.0299,-0.0600,93.7292,91.4605,0.0000,bullish,0.1861,0.2508,1.280,0.702,1344.16,TrailingStopHit(91.787),,91.787
20250326 14:21:00 US/Eastern,SOXS_aggressive,SELL,25,25.0900,25.1600,31.72,-0.0659,-0.0511,24.4123,25.2465,0.0000,bearish,0.0571,0.1000,-1.750,-0.278,1971.41,TrailingStopHit(25.111),,25.111
20250326 14:22:00 US/Eastern,SOXS_aggressive,BUY,25,25.0700,25.0700,30.25,-0.0691,-0.0547,24.4134,25.2315,0.0000,bearish,0.0581,0.1000,,,1344.66,"Buy Init: RSI(30.25)<=OS(35), 15mOK, >VWAP",24.970,
20250326 14:30:00 US/Eastern,SOXS_aggressive,SELL,25,25.0200,25.0700,35.76,-0.0680,-0.0680,24.4221,25.1085,0.0000,bearish,0.0588,0.1000,-1.250,-0.199,1970.16,TrailingStopHit(25.029),,25.029
20250326 14:33:00 US/Eastern,HYG_aggressive,BUY,18,79.0700,79.0700,32.57,0.0045,0.0127,79.1539,79.1100,0.0000,bullish,0.0154,0.1000,,,546.90,"Buy Init: RSI(32.57)<=OS(35), 15mOK, >VWAP",78.970,
20250326 14:48:00 US/Eastern,HYG_aggressive,SELL,18,79.0600,79.0700,39.27,-0.0055,-0.0050,79.1511,79.0735,0.0000,bullish,0.0142,0.1000,-0.180,-0.013,1969.98,TrailingStopHit(79.063),,79.063
20250326 14:48:00 US/Eastern,PLTR_aggressive,BUY,16,90.9200,90.9200,23.77,-0.2271,-0.1407,93.5992,91.6055,0.0000,bullish,0.1750,0.2625,,,515.26,"Buy Init: RSI(23.77)<=OS(35), 15mOK, >VWAP",90.658,
20250326 14:59:00 US/Eastern,PLTR_aggressive,SELL,16,90.9700,90.9200,33.88,-0.1747,-0.1851,93.5574,91.1420,0.0000,bullish,0.1547,0.2625,0.800,0.055,1970.78,TrailingStopHit(90.994),,90.994
20250326 14:59:00 US/Eastern,BAC_aggressive,BUY,25,42.7400,42.7400,34.44,-0.0386,-0.0379,43.2393,42.8015,0.0000,bearish,0.0340,0.1000,,,902.28,"Buy Init: RSI(34.44)<=OS(35), 15mOK, >VWAP",42.640,
20250326 15:04:00 US/Eastern,BAC_aggressive,SELL,25,42.7700,42.7400,43.18,-0.0218,-0.0293,43.2343,42.7820,0.0000,bearish,0.0364,0.1000,0.750,0.070,1971.53,TrailingStopHit(42.786),,42.786
20250326 15:07:00 US/Eastern,TQQQ_aggressive,BUY,23,62.7700,62.7700,33.78,-0.0832,-0.0912,64.5730,62.9285,0.0000,bearish,0.1137,0.1706,,,527.82,"Buy Init: RSI(33.78)<=OS(35), 15mOK, >VWAP",62.599,
20250326 15:17:00 US/Eastern,TQQQ_aggressive,SELL,6,63.0900,62.7700,57.27,-0.0281,-0.0595,64.5439,62.9315,0.0000,bearish,0.1066,0.1706,1.920,0.510,906.36,PartialTP 1 (1.5R @63.026),,
20250326 15:19:00 US/Eastern,TQQQ_aggressive,SELL,6,63.1800,62.7700,61.88,0.0040,-0.0396,64.5376,62.9565,0.0000,bearish,0.1079,0.1706,2.460,0.653,1285.44,PartialTP 2 (2.0R @63.111),,
20250326 15:24:00 US/Eastern,TQQQ_aggressive,SELL,11,63.0700,62.7700,51.34,0.0419,0.0132,64.5211,62.9950,0.0000,bearish,0.1113,0.1706,3.300,0.478,1979.21,TrailingStopHit(63.116),,63.116
20250326 15:39:00 US/Eastern,TLT_aggressive,BUY,16,89.3000,89.3000,33.99,-0.0178,-0.0158,89.3220,89.3405,0.0000,bearish,0.0238,0.1000,,,550.41,"Buy Init: RSI(33.99)<=OS(35), 15mOK, >VWAP",89.200,
20250326 15:46:00 US/Eastern,TLT_aggressive,SELL,16,89.2800,89.3000,30.25,-0.0208,-0.0185,89.3215,89.3240,0.0000,bearish,0.0247,0.1000,-0.320,-0.022,1978.89,TrailingStopHit(89.280),,89.280
20250326 15:47:00 US/Eastern,SOXS_aggressive,BUY,25,24.8700,24.8700,29.17,-0.0748,-0.0577,24.5307,25.0830,0.0000,bearish,0.0647,0.1000,,,1357.14,"Buy Init: RSI(29.17)<=OS(35), 15mOK, >VWAP",24.770,
20250326 15:50:00 US/Eastern,SQQQ_aggressive,BUY,25,34.7700,34.7700,29.58,-0.0483,-0.0291,34.3299,34.9745,0.0000,bullish,0.0681,0.1021,,,487.89,"Buy Init: RSI(29.58)<=OS(35), 15mOK, >VWAP",34.668,
20250326 15:59:00 US/Eastern,SOXS_aggressive,SELL,25,24.9100,24.8700,43.76,-0.0555,-0.0687,24.5499,24.9165,0.0000,bearish,0.0680,0.1000,1.000,0.161,1110.64,EndOfDayExit,,
20250326 15:59:00 US/Eastern,SQQQ_aggressive,SELL,25,34.8600,34.7700,46.12,-0.0487,-0.0507,34.3507,34.8750,0.0000,bullish,0.0671,0.1021,2.250,0.259,1982.14,EndOfDayExit,,
20250327 09:43:00 US/Eastern,XLF_aggressive,BUY,25,49.8600,49.8600,23.47,0.0000,0.0000,49.9421,49.9521,0.0000,bearish,0.0934,0.1401,,,735.64,"Buy Init: RSI(23.47)<=OS(35), 15mOK, >VWAP",49.720,
20250327 09:50:00 US/Eastern,XLF_aggressive,SELL,7,50.0900,49.8600,52.45,0.0000,0.0000,49.9317,49.9390,0.0000,bearish,0.0846,0.1401,1.610,0.461,1086.27,PartialTP 1 (1.5R @50.070),,
20250327 09:54:00 US/Eastern,SQQQ_aggressive,BUY,25,35.1000,35.1000,27.87,0.0000,0.0000,35.4679,35.5230,0.0000,bullish,0.1618,0.2428,,,208.77,"Buy Init: RSI(27.87)<=OS(35), 15mOK, >VWAP",34.857,
20250327 09:56:00 US/Eastern,XLF_aggressive,SELL,7,50.1800,49.8600,60.37,0.0358,0.0030,49.9702,49.9705,0.0000,bearish,0.0742,0.1401,2.240,0.642,560.03,PartialTP 2 (2.0R @50.140),,
20250327 10:03:00 US/Eastern,XLF_aggressive,SELL,11,50.1200,49.8600,49.90,0.0491,0.0423,49.9956,50.0750,0.0000,bearish,0.0664,0.1401,2.860,0.521,1111.35,TrailingStopHit(50.150),,50.150
20250327 10:13:00 US/Eastern,SQQQ_aggressive,SELL,25,35.0200,35.1000,41.56,-0.0480,-0.0655,35.3459,35.0715,0.0000,bullish,0.1358,0.2428,-2.000,-0.228,1986.85,TrailingStopHit(35.117),,35.117
20250327 10:29:00 US/Eastern,SQQQ_aggressive,BUY,25,34.8200,34.8200,34.22,-0.0550,-0.0364,35.2975,35.0705,0.0000,bullish,0.1140,0.1710,,,1116.35,"Buy Init: RSI(34.22)<=OS(35), 15mOK, >VWAP",34.649,
20250327 10:31:00 US/Eastern,SOXS_aggressive,BUY,25,25.8600,25.8600,34.83,-0.0613,-0.0163,26.1914,26.1430,0.0000,bullish,0.1129,0.1694,,,469.85,"Buy Init: RSI(34.83)<=OS(35), 15mOK, >VWAP",25.691,
20250327 10:35:00 US/Eastern,SQQQ_aggressive,SELL,25,34.7300,34.8200,33.95,-0.0962,-0.0722,35.2666,34.9775,0.0000,bullish,0.1043,0.1710,-2.250,-0.258,1338.10,TrailingStopHit(34.745),,34.745
20250327 10:37:00 US/Eastern,SQQQ_aggressive,BUY,25,34.6700,34.6700,33.51,-0.1040,-0.0824,35.2574,34.9450,0.0000,bullish,0.1039,0.1558,,,471.35,"Buy Init: RSI(33.51)<=OS(35), 15mOK, >VWAP",34.514,
20250327 10:39:00 US/Eastern,SOXS_aggressive,SELL,25,25.5500,25.8600,30.53,-0.1606,-0.1115,26.1335,25.9315,0.0000,bullish,0.1176,0.1694,-7.750,-1.199,1110.10,StopLossHit(25.691),25.691,
20250327 10:40:00 US/Eastern,SOXS_aggressive,BUY,25,25.5700,25.5700,32.05,-0.1619,-0.1216,26.1287,25.8955,0.0000,bullish,0.1164,0.1746,,,470.85,"Buy Init: RSI(32.05)<=OS(35), 15mOK, >VWAP",25.395,
20250327 10:52:00 US/Eastern,SQQQ_aggressive,SELL,25,34.6100,34.6700,39.38,-0.0719,-0.0902,35.1795,34.6655,0.0000,bullish,0.0855,0.1558,-1.500,-0.173,1336.10,TrailingStopHit(34.647),,34.647
20250327 10:53:00 US/Eastern,SQQQ_aggressive,BUY,25,34.5100,34.5100,33.84,-0.0786,-0.0879,35.1694,34.6495,0.0000,bullish,0.0873,0.1309,,,473.35,"Buy Init: RSI(33.84)<=OS(35), 15mOK, >VWAP",34.379,
20250327 10:53:00 US/Eastern,SOXS_aggressive,SELL,25,25.5600,25.5700,37.23,-0.0807,-0.1023,26.0847,25.6065,0.0000,bullish,0.0934,0.1746,-0.250,-0.039,1112.35,TrailingStopHit(25.598),,25.598
20250327 10:54:00 US/Eastern,SOXS_aggressive,BUY,25,25.5100,25.5100,34.32,-0.0839,-0.0986,26.0822,25.5945,0.0000,bullish,0.0911,0.1366,,,474.60,"Buy Init: RSI(34.32)<=OS(35), 15mOK, >VWAP",25.373,
20250327 11:08:00 US/Eastern,SOXS_aggressive,SELL,7,25.7600,25.5100,60.30,-0.0031,-0.0333,26.0306,25.6125,0.0000,bullish,0.0751,0.1366,1.750,0.980,654.92,PartialTP 1 (1.5R @25.715),,
20250327 11:09:00 US/Eastern,SOXS_aggressive,SELL,7,25.8200,25.5100,64.41,0.0109,-0.0245,26.0294,25.6195,0.0000,bullish,0.0741,0.1366,2.170,1.215,835.66,PartialTP 2 (2.0R @25.783),,
20250327 11:10:00 US/Eastern,SQQQ_aggressive,SELL,25,34.5500,34.5100,46.73,-0.0264,-0.0492,35.1087,34.5355,0.0000,bullish,0.0831,0.1309,1.000,0.116,1699.41,TrailingStopHit(34.570),,34.570
20250327 11:16:00 US/Eastern,SOXS_aggressive,SELL,10,25.9500,25.5100,69.77,0.0671,0.0353,26.0196,25.7225,0.0000,bullish,0.0725,0.1366,4.400,1.725,1958.91,PartialTP 3 (3.0R @25.920),,
20250327 11:24:00 US/Eastern,HYG_aggressive,BUY,18,79.0800,79.0800,34.35,-0.0024,-0.0008,79.0568,79.0950,0.0000,bearish,0.0123,0.1000,,,535.47,"Buy Init: RSI(34.35)<=OS(35), 15mOK, >VWAP",78.980,
20250327 11:30:00 US/Eastern,SOXS_aggressive,SELL,1,26.1300,25.5100,73.42,0.0745,0.0645,26.0162,25.9290,0.0000,bullish,0.0703,0.1366,0.620,2.430,561.60,RSIOverbought(73.42>=70),,
20250327 12:47:00 US/Eastern,HYG_aggressive,SELL,18,78.9800,79.0800,32.05,-0.0117,-0.0077,79.0450,79.0070,0.0000,bearish,0.0120,0.1000,-1.800,-0.126,1983.24,StopLossHit(78.980),78.980,
20250327 12:47:00 US/Eastern,XLF_aggressive,BUY,25,50.2500,50.2500,33.19,-0.0116,-0.0042,50.1898,50.3145,0.0000,bearish,0.0294,0.1000,,,726.99,"Buy Init: RSI(33.19)<=OS(35), 15mOK, >VWAP",50.150,
20250327 13:03:00 US/Eastern,XLF_aggressive,SELL,25,50.1300,50.2500,35.13,-0.0484,-0.0465,50.1853,50.1700,0.0000,bearish,0.0316,0.1000,-3.000,-0.239,1980.24,StopLossHit(50.150),50.150,
20250327 13:03:00 US/Eastern,BAC_aggressive,BUY,25,42.6500,42.6500,30.31,-0.0531,-0.0512,42.8578,42.7025,0.0000,bearish,0.0325,0.1000,,,913.99,"Buy Init: RSI(30.31)<=OS(35), 15mOK, >VWAP",42.550,
20250327 13:18:00 US/Eastern,BAC_aggressive,SELL,25,42.6900,42.6500,49.29,-0.0049,-0.0186,42.8477,42.6605,0.0000,bearish,0.0318,0.1000,1.000,0.094,1981.24,TrailingStopHit(42.692),,42.692
20250327 13:22:00 US/Eastern,FXI_aggressive,BUY,25,36.7100,36.7100,33.71,-0.0088,-0.0068,36.6857,36.7415,0.0000,bearish,0.0178,0.1000,,,1063.49,"Buy Init: RSI(33.71)<=OS(35), 15mOK, >VWAP",36.610,
20250327 13:30:00 US/Eastern,FXI_aggressive,SELL,25,36.6900,36.7100,34.97,-0.0146,-0.0112,36.6859,36.7250,0.0000,bearish,0.0179,0.1000,-0.500,-0.054,1980.74,TrailingStopHit(36.698),,36.698
20250327 13:36:00 US/Eastern,NVDA_aggressive,BUY,13,111.5600,111.5600,34.91,-0.1095,-0.0780,112.5715,111.9380,0.0000,bearish,0.1587,0.2381,,,530.46,"Buy Init: RSI(34.91)<=OS(35), 15mOK, >VWAP",111.322,
20250327 13:46:00 US/Eastern,NVDA_aggressive,SELL,3,112.0100,111.5600,57.89,-0.0403,-0.0792,112.5554,111.7555,0.0000,bearish,0.1491,0.2381,1.350,0.403,866.49,PartialTP 1 (1.5R @111.917),,
20250327 13:47:00 US/Eastern,NVDA_aggressive,SELL,3,112.1800,111.5600,63.40,-0.0060,-0.0646,112.5542,111.7675,0.0000,bearish,0.1542,0.2381,1.860,0.556,1203.03,PartialTP 2 (2.0R @112.036),,
20250327 13:50:00 US/Eastern,NVDA_aggressive,SELL,5,112.3300,111.5600,65.66,0.0665,-0.0122,112.5521,111.8295,0.0000,bearish,0.1542,0.2381,3.850,0.690,1764.68,PartialTP 3 (3.0R @112.274),,
20250327 13:52:00 US/Eastern,NVDA_aggressive,SELL,2,112.0700,111.5600,54.27,0.0758,0.0198,112.5500,111.8655,0.0000,bearish,0.1638,0.2381,1.020,0.457,1988.82,TrailingStopHit(112.133),,112.133
20250327 13:58:00 US/Eastern,FXI_aggressive,BUY,25,36.6500,36.6500,34.39,-0.0124,-0.0119,36.6858,36.6725,0.0000,bearish,0.0153,0.1000,,,1072.57,"Buy Init: RSI(34.39)<=OS(35), 15mOK, >VWAP",36.550,
20250327 14:04:00 US/Eastern,SOXS_aggressive,BUY,25,26.4200,26.4200,34.22,-0.0314,-0.0124,26.1845,26.5695,0.0000,bullish,0.0676,0.1014,,,412.07,"Buy Init: RSI(34.22)<=OS(35), 15mOK, >VWAP",26.319,
20250327 14:10:00 US/Eastern,SOXS_aggressive,SELL,25,26.3100,26.4200,31.42,-0.0783,-0.0538,26.1859,26.5015,0.0000,bullish,0.0672,0.1014,-2.750,-0.416,1069.82,StopLossHit(26.319),26.319,
20250327 14:13:00 US/Eastern,FXI_aggressive,SELL,25,36.7300,36.6500,70.04,0.0105,0.0044,36.6859,36.6860,0.0000,bearish,0.0184,0.1000,2.000,0.218,1988.07,RSIOverbought(70.04>=70),,
20250327 14:14:00 US/Eastern,SQQQ_aggressive,BUY,25,35.0400,35.0400,34.68,-0.0552,-0.0386,35.0909,35.2220,0.0000,bullish,0.0797,0.1195,,,1112.07,"Buy Init: RSI(34.68)<=OS(35), 15mOK, >VWAP",34.921,
20250327 14:14:00 US/Eastern,SOXS_aggressive,BUY,25,26.2700,26.2700,31.96,-0.0764,-0.0662,26.1865,26.4455,0.0000,bullish,0.0683,0.1024,,,455.32,"Buy Init: RSI(31.96)<=OS(35), 15mOK, >VWAP",26.168,
20250327 14:22:00 US/Eastern,SQQQ_aggressive,SELL,25,35.0400,35.0400,38.56,-0.0477,-0.0488,35.0907,35.1165,0.0000,bullish,0.0698,0.1195,0.000,0.000,1331.32,TrailingStopHit(35.056),,35.056
20250327 14:22:00 US/Eastern,SOXS_aggressive,SELL,25,26.2900,26.2700,38.18,-0.0495,-0.0583,26.1878,26.3420,0.0000,bullish,0.0622,0.1024,0.500,0.076,1988.57,TrailingStopHit(26.315),,26.315
20250327 14:40:00 US/Eastern,SOXS_aggressive,BUY,25,26.2200,26.2200,33.96,-0.0391,-0.0347,26.1904,26.3070,0.0000,bullish,0.0579,0.1000,,,1333.07,"Buy Init: RSI(33.96)<=OS(35), 15mOK, >VWAP",26.120,
20250327 14:53:00 US/Eastern,SOXS_aggressive,SELL,25,26.0800,26.2200,39.76,-0.0764,-0.0703,26.1884,26.1495,0.0000,bullish,0.0607,0.1000,-3.500,-0.534,1985.07,StopLossHit(26.120),26.120,
20250327 14:57:00 US/Eastern,PLTR_aggressive,BUY,16,91.8800,91.8800,34.73,-0.0574,0.0001,92.0435,92.3190,0.0000,bearish,0.1902,0.2853,,,514.99,"Buy Init: RSI(34.73)<=OS(35), 15mOK, >VWAP",91.595,
20250327 15:06:00 US/Eastern,PLTR_aggressive,SELL,16,91.4900,91.8800,33.28,-0.2349,-0.1735,92.0301,91.9525,0.0000,bearish,0.2071,0.2853,-6.240,-0.424,1978.83,StopLossHit(91.595),91.595,
20250327 15:07:00 US/Eastern,PLTR_aggressive,BUY,16,91.2600,91.2600,28.18,-0.2502,-0.1889,92.0284,91.8955,0.0000,bearish,0.2130,0.3195,,,518.67,"Buy Init: RSI(28.18)<=OS(35), 15mOK, >VWAP",90.940,
20250327 15:16:00 US/Eastern,PLTR_aggressive,SELL,16,91.4400,91.2600,43.61,-0.1633,-0.2122,92.0122,91.4645,0.0000,bearish,0.2133,0.3195,2.880,0.197,1981.71,TrailingStopHit(91.464),,91.464
20250327 15:17:00 US/Eastern,SOXS_aggressive,BUY,25,25.9400,25.9400,33.34,-0.0498,-0.0328,26.1845,26.0970,0.0000,bullish,0.0593,0.1000,,,1333.21,"Buy Init: RSI(33.34)<=OS(35), 15mOK, >VWAP",25.840,
20250327 15:20:00 US/Eastern,SQQQ_aggressive,BUY,25,34.9100,34.9100,34.81,-0.0412,-0.0194,35.0889,35.0625,0.0000,bullish,0.0694,0.1041,,,460.46,"Buy Init: RSI(34.81)<=OS(35), 15mOK, >VWAP",34.806,
20250327 15:23:00 US/Eastern,SOXS_aggressive,SELL,25,25.8100,25.9400,31.08,-0.0840,-0.0613,26.1788,26.0075,0.0000,bullish,0.0657,0.1000,-3.250,-0.501,1105.71,StopLossHit(25.840),25.840,
20250327 15:33:00 US/Eastern,SQQQ_aggressive,SELL,7,35.0700,34.9100,59.15,-0.0085,-0.0351,35.0831,34.9215,0.0000,bullish,0.0720,0.1041,1.120,0.458,1351.20,PartialTP 1 (1.5R @35.066),,
20250327 15:39:00 US/Eastern,SQQQ_aggressive,SELL,7,35.1300,34.9100,62.11,0.0293,0.0035,35.0829,34.9585,0.0000,bullish,0.0702,0.1041,1.540,0.630,1597.11,PartialTP 2 (2.0R @35.118),,
20250327 15:42:00 US/Eastern,NVDA_aggressive,BUY,13,112.1100,112.1100,30.50,-0.0791,-0.0353,112.5192,112.5230,0.0000,bearish,0.1421,0.2131,,,139.68,"Buy Init: RSI(30.50)<=OS(35), 15mOK, >VWAP",111.897,
20250327 15:50:00 US/Eastern,SQQQ_aggressive,SELL,10,35.2900,34.9100,69.26,0.0451,0.0338,35.0846,35.0950,0.0000,bullish,0.0769,0.1041,3.800,1.089,492.58,PartialTP 3 (3.0R @35.222),,
20250327 15:51:00 US/Eastern,SQQQ_aggressive,SELL,1,35.3700,34.9100,73.13,0.0615,0.0394,35.0874,35.1110,0.0000,bullish,0.0800,0.1041,0.460,1.318,527.95,RSIOverbought(73.13>=70),,
20250327 15:55:00 US/Eastern,NVDA_aggressive,SELL,13,111.5800,112.1100,33.81,-0.2675,-0.2058,112.4827,112.0115,0.0000,bearish,0.1994,0.2131,-6.890,-0.473,1978.49,TrailingStopHit(111.931),,111.931
20250327 15:55:00 US/Eastern,TQQQ_aggressive,BUY,24,62.4600,62.4600,34.72,-0.1902,-0.1339,63.0167,62.8165,0.0000,bearish,0.1691,0.2536,,,479.45,"Buy Init: RSI(34.72)<=OS(35), 15mOK, >VWAP",62.206,
20250327 15:59:00 US/Eastern,TQQQ_aggressive,SELL,24,62.2800,62.4600,29.50,-0.1988,-0.1694,63.0042,62.6945,0.0000,bearish,0.1642,0.2536,-4.320,-0.288,1974.17,EndOfDayExit,,
20250328 09:43:00 US/Eastern,NVDA_aggressive,BUY,13,112.1300,112.1300,32.37,0.0000,0.0000,111.8749,111.8764,0.0000,bearish,0.5677,0.8516,,,516.48,"Buy Init: RSI(32.37)<=OS(35), 15mOK, >VWAP",111.278,
20250328 09:51:00 US/Eastern,NVDA_aggressive,SELL,13,111.5600,112.1300,32.65,0.0000,0.0000,111.9114,112.0125,0.0000,bearish,0.5085,0.8516,-7.410,-0.508,1966.76,TrailingStopHit(111.740),,111.740
20250328 09:51:00 US/Eastern,TQQQ_aggressive,BUY,24,61.2700,61.2700,30.52,0.0000,0.0000,61.3413,61.3745,0.0000,bearish,0.2825,0.4237,,,496.28,"Buy Init: RSI(30.52)<=OS(35), 15mOK, >VWAP",60.846,
20250328 10:38:00 US/Eastern,TQQQ_aggressive,SELL,24,58.8500,61.2700,34.11,-0.3566,-0.3758,60.1992,59.0755,0.0000,bearish,0.2076,0.4237,-58.080,-3.950,1908.68,StopLossHit(60.846),60.846,
20250328 10:38:00 US/Eastern,XLF_aggressive,BUY,25,49.3600,49.3600,18.18,-0.0908,-0.0860,49.8224,49.4965,0.0000,bearish,0.0469,0.1000,,,674.68,"Buy Init: RSI(18.18)<=OS(35), 15mOK, >VWAP",49.260,
20250328 10:51:00 US/Eastern,XLF_aggressive,SELL,25,49.3800,49.3600,40.30,-0.0581,-0.0640,49.7177,49.3915,0.0000,bearish,0.0494,0.1000,0.500,0.041,1909.18,TrailingStopHit(49.381),,49.381
20250328 10:57:00 US/Eastern,TQQQ_aggressive,BUY,25,58.5500,58.5500,34.50,-0.1550,-0.1591,59.9240,58.8275,0.0000,bearish,0.1757,0.2636,,,445.43,"Buy Init: RSI(34.50)<=OS(35), 15mOK, >VWAP",58.286,
20250328 11:01:00 US/Eastern,TQQQ_aggressive,SELL,25,58.3700,58.5500,31.98,-0.1619,-0.1565,59.8574,58.7530,0.0000,bearish,0.1821,0.2636,-4.500,-0.307,1904.68,TrailingStopHit(58.451),,58.451
20250328 11:01:00 US/Eastern,XLF_aggressive,BUY,25,49.2700,49.2700,29.89,-0.0412,-0.0404,49.6704,49.3640,0.0000,bearish,0.0460,0.1000,,,672.93,"Buy Init: RSI(29.89)<=OS(35), 15mOK, >VWAP",49.170,
20250328 11:08:00 US/Eastern,XLF_aggressive,SELL,25,49.3000,49.2700,40.64,-0.0301,-0.0362,49.6542,49.3405,0.0000,bearish,0.0464,0.1000,0.750,0.061,1905.43,TrailingStopHit(49.314),,49.314
20250328 11:10:00 US/Eastern,TLT_aggressive,BUY,16,90.0000,90.0000,31.63,-0.0191,-0.0074,90.0690,90.1255,0.0000,bullish,0.0469,0.1000,,,465.43,"Buy Init: RSI(31.63)<=OS(35), 15mOK, >VWAP",89.900,
20250328 11:26:00 US/Eastern,TLT_aggressive,SELL,16,89.9500,90.0000,36.47,-0.0218,-0.0267,90.0608,90.0115,0.0000,bullish,0.0460,0.1000,-0.800,-0.056,1904.63,TrailingStopHit(90.015),,90.015
20250328 11:28:00 US/Eastern,TLT_aggressive,BUY,16,89.9100,89.9100,32.31,-0.0314,-0.0274,90.0600,89.9935,0.0000,bullish,0.0439,0.1000,,,466.07,"Buy Init: RSI(32.31)<=OS(35), 15mOK, >VWAP",89.810,
20250328 11:45:00 US/Eastern,TLT_aggressive,SELL,4,90.0600,89.9100,65.20,0.0017,-0.0262,90.0458,89.9065,0.0000,bullish,0.0475,0.1000,0.600,0.167,826.31,PartialTP 1 (1.5R @90.060),,
20250328 11:52:00 US/Eastern,TLT_aggressive,SELL,4,90.1200,89.9100,68.61,0.0364,0.0157,90.0462,89.9675,0.0000,bullish,0.0446,0.1000,0.840,0.234,1186.79,PartialTP 2 (2.0R @90.110),,
20250328 11:55:00 US/Eastern,FXI_aggressive,BUY,25,35.8900,35.8900,32.15,-0.0146,-0.0099,35.9195,35.9330,0.0000,bearish,0.0171,0.1000,,,289.54,"Buy Init: RSI(32.15)<=OS(35), 15mOK, >VWAP",35.790,
20250328 11:55:00 US/Eastern,TLT_aggressive,SELL,8,90.1400,89.9100,70.58,0.0472,0.0299,90.0466,90.0055,0.0000,bullish,0.0403,0.1000,1.840,0.256,1010.66,RSIOverbought(70.58>=70),,
20250328 12:14:00 US/Eastern,FXI_aggressive,SELL,25,35.9100,35.8900,47.28,0.0003,-0.0019,35.9189,35.9105,0.0000,bearish,0.0184,0.1000,0.500,0.056,1908.41,TrailingStopHit(35.918),,35.918
20250328 12:16:00 US/Eastern,TQQQ_aggressive,BUY,25,57.8000,57.8000,27.68,-0.1080,-0.0775,59.4034,58.2330,0.0000,bearish,0.1393,0.2089,,,463.41,"Buy Init: RSI(27.68)<=OS(35), 15mOK, >VWAP",57.591,
20250328 12:39:00 US/Eastern,TQQQ_aggressive,SELL,25,57.8000,57.8000,42.92,-0.0387,-0.0695,59.2682,57.7775,0.0000,bearish,0.1115,0.2089,0.000,0.000,1908.41,TrailingStopHit(57.826),,57.826
20250328 12:58:00 US/Eastern,XLF_aggressive,BUY,25,49.2100,49.2100,34.43,-0.0127,-0.0073,49.5706,49.2690,0.0000,bearish,0.0300,0.1000,,,678.16,"Buy Init: RSI(34.43)<=OS(35), 15mOK, >VWAP",49.110,
20250328 13:02:00 US/Eastern,XLF_aggressive,SELL,25,49.1800,49.2100,30.85,-0.0239,-0.0150,49.5665,49.2560,0.0000,bearish,0.0287,0.1000,-0.750,-0.061,1907.66,TrailingStopHit(49.186),,49.186
20250328 13:02:00 US/Eastern,BAC_aggressive,BUY,25,41.1400,41.1400,30.40,-0.0263,-0.0142,41.5862,41.2210,0.0000,bullish,0.0337,0.1000,,,879.16,"Buy Init: RSI(30.40)<=OS(35), 15mOK, >VWAP",41.040,
20250328 13:31:00 US/Eastern,BAC_aggressive,SELL,25,41.0200,41.1400,33.51,-0.0346,-0.0305,41.5484,41.0710,0.0000,bullish,0.0326,0.1000,-3.000,-0.292,1904.66,StopLossHit(41.040),41.040,
20250328 13:34:00 US/Eastern,BAC_aggressive,BUY,25,41.0200,41.0200,34.84,-0.0310,-0.0312,41.5443,41.0595,0.0000,bullish,0.0319,0.1000,,,879.16,"Buy Init: RSI(34.84)<=OS(35), 15mOK, >VWAP",40.920,
20250328 13:44:00 US/Eastern,BAC_aggressive,SELL,25,41.0500,41.0200,46.96,-0.0067,-0.0159,41.5368,41.0360,0.0000,bullish,0.0310,0.1000,0.750,0.073,1905.41,TrailingStopHit(41.053),,41.053
20250328 13:59:00 US/Eastern,SOXS_aggressive,BUY,25,28.8800,28.8800,30.05,-0.0308,-0.0140,28.0790,29.0530,0.0000,bullish,0.0625,0.1000,,,1183.41,"Buy Init: RSI(30.05)<=OS(35), 15mOK, >VWAP",28.780,
20250328 14:08:00 US/Eastern,SOXS_aggressive,SELL,25,28.8100,28.8800,35.56,-0.0647,-0.0567,28.0939,28.9550,0.0000,bullish,0.0677,0.1000,-1.750,-0.242,1903.66,TrailingStopHit(28.819),,28.819
20250328 14:09:00 US/Eastern,SOXS_aggressive,BUY,25,28.7700,28.7700,32.88,-0.0690,-0.0592,28.0957,28.9380,0.0000,bullish,0.0671,0.1007,,,1184.41,"Buy Init: RSI(32.88)<=OS(35), 15mOK, >VWAP",28.669,
20250328 14:11:00 US/Eastern,SQQQ_aggressive,BUY,25,38.0400,38.0400,31.34,-0.0481,-0.0337,37.3373,38.2250,0.0000,bullish,0.0654,0.1000,,,233.41,"Buy Init: RSI(31.34)<=OS(35), 15mOK, >VWAP",37.940,
20250328 14:16:00 US/Eastern,SQQQ_aggressive,SELL,7,38.2100,38.0400,50.93,-0.0361,-0.0404,37.3465,38.1755,0.0000,bullish,0.0700,0.1000,1.190,0.447,500.88,PartialTP 1 (1.5R @38.190),,
20250328 14:20:00 US/Eastern,SQQQ_aggressive,SELL,18,38.1300,38.0400,44.00,-0.0287,-0.0339,37.3512,38.1645,0.0000,bullish,0.0664,0.1000,1.620,0.237,1187.22,TrailingStopHit(38.130),,38.130
20250328 14:20:00 US/Eastern,SOXS_aggressive,SELL,25,28.7200,28.7700,38.20,-0.0606,-0.0638,28.1144,28.7940,0.0000,bullish,0.0695,0.1007,-1.250,-0.174,1905.22,TrailingStopHit(28.727),,28.727
20250328 14:41:00 US/Eastern,PLTR_aggressive,BUY,17,84.8100,84.8100,33.76,-0.0750,0.0006,85.8380,85.2655,0.0000,bullish,0.1625,0.2438,,,463.45,"Buy Init: RSI(33.76)<=OS(35), 15mOK, >VWAP",84.566,
20250328 14:46:00 US/Eastern,PLTR_aggressive,SELL,17,84.7200,84.8100,33.72,-0.1234,-0.0715,85.8288,85.1440,0.0000,bullish,0.1626,0.2438,-1.530,-0.106,1903.69,TrailingStopHit(84.755),,84.755
20250328 14:46:00 US/Eastern,BAC_aggressive,BUY,25,41.0500,41.0500,34.73,-0.0178,-0.0123,41.4844,41.1040,0.0000,bullish,0.0302,0.1000,,,877.44,"Buy Init: RSI(34.73)<=OS(35), 15mOK, >VWAP",40.950,
20250328 14:54:00 US/Eastern,SOXS_aggressive,BUY,25,28.6800,28.6800,33.59,-0.0232,-0.0049,28.1566,28.8225,0.0000,bullish,0.0577,0.1000,,,160.44,"Buy Init: RSI(33.59)<=OS(35), 15mOK, >VWAP",28.580,
20250328 15:01:00 US/Eastern,SOXS_aggressive,SELL,25,28.5800,28.6800,35.86,-0.0679,-0.0458,28.1641,28.7410,0.0000,bullish,0.0651,0.1000,-2.500,-0.349,874.94,StopLossHit(28.580),28.580,
20250328 15:03:00 US/Eastern,SOXS_aggressive,BUY,25,28.5300,28.5300,34.47,-0.0704,-0.0539,28.1671,28.7135,0.0000,bullish,0.0686,0.1029,,,161.69,"Buy Init: RSI(34.47)<=OS(35), 15mOK, >VWAP",28.427,
20250328 15:07:00 US/Eastern,SOXS_aggressive,SELL,25,28.4300,28.5300,33.38,-0.0965,-0.0743,28.1706,28.6340,0.0000,bullish,0.0751,0.1029,-2.500,-0.351,872.44,TrailingStopHit(28.450),,28.450
20250328 15:08:00 US/Eastern,SOXS_aggressive,BUY,25,28.4200,28.4200,32.85,-0.0986,-0.0791,28.1712,28.6110,0.0000,bullish,0.0726,0.1089,,,161.94,"Buy Init: RSI(32.85)<=OS(35), 15mOK, >VWAP",28.311,
20250328 15:13:00 US/Eastern,BAC_aggressive,SELL,25,41.1100,41.0500,45.86,0.0125,0.0137,41.4667,41.1335,0.0000,bullish,0.0318,0.1000,1.500,0.146,1189.69,TrailingStopHit(41.142),,41.142
20250328 15:13:00 US/Eastern,SOXS_aggressive,SELL,7,28.5900,28.4200,49.27,-0.0576,-0.0746,28.1767,28.5490,0.0000,bullish,0.0750,0.1089,1.190,0.598,1389.82,PartialTP 1 (1.5R @28.583),,
20250328 15:14:00 US/Eastern,FXI_aggressive,BUY,25,35.8000,35.8000,31.52,-0.0070,-0.0024,35.8904,35.8350,0.0000,bearish,0.0159,0.1000,,,494.82,"Buy Init: RSI(31.52)<=OS(35), 15mOK, >VWAP",35.700,
20250328 15:16:00 US/Eastern,SOXS_aggressive,SELL,7,28.6500,28.4200,54.51,-0.0321,-0.0583,28.1799,28.5395,0.0000,bullish,0.0734,0.1089,1.610,0.809,695.37,PartialTP 2 (2.0R @28.638),,
20250328 15:20:00 US/Eastern,SOXS_aggressive,SELL,10,28.8000,28.4200,64.08,0.0089,-0.0269,28.1848,28.5610,0.0000,bullish,0.0776,0.1089,3.800,1.337,983.37,PartialTP 3 (3.0R @28.747),,
20250328 15:33:00 US/Eastern,SOXS_aggressive,SELL,1,29.0500,28.4200,73.12,0.0921,0.0662,28.2153,28.7930,0.0000,bullish,0.0720,0.1089,0.630,2.217,1012.42,RSIOverbought(73.12>=70),,
20250328 15:59:00 US/Eastern,FXI_aggressive,SELL,25,35.8100,35.8000,56.58,0.0140,0.0080,35.8625,35.7855,0.0000,bearish,0.0228,0.1000,0.250,0.028,1907.67,TrailingStopHit(35.813),,35.813
